Cancer Types,Sample Names,Accuracy,ID1,ID2,ID3,ID4,ID5,ID6,ID7,ID8,ID9,ID10,ID11,ID12,ID13,ID14,ID15,ID16,ID17
AML,TCGA-AB-2806-03B-01W-0728-08,0.32,4,4,22,0,0,0,0,0,0,0,0,0,0,0,0,21,0
AML,TCGA-AB-2808-03B-01W-0728-08,0.787,34,6,0,0,0,0,0,0,0,0,0,0,0,0,47,50.38,0
AML,TCGA-AB-2826-03B-01W-0728-08,0.547,16,0,41,0,0,0,0,0,0,0,0,0,0,0,0,28,0
AML,TCGA-AB-2828-03B-01W-0728-08,0.748,30,0,0,0,0,0,0,0,0,0,0,0,0,0,36,51,0
AML,TCGA-AB-2833-03B-01W-0728-08,0.72,15,0,0,0,0,0,0,0,0,0,0,0,0,0,17,26,0
Adrenal-neoplasm,TCGA-OR-A5J5-01A-11D-A29I-10,0.874,0,7,0,0,0,0,32,0,0,0,0,0,0,0,0,0,0
Adrenal-neoplasm,TCGA-OR-A5KB-01A-11D-A30A-10,0.921,0,0,56,0,0,0,0,0,0,0,0,0,0,0,0,0,0
Adrenal-neoplasm,TCGA-OR-A5LB-01A-11D-A29I-10,0.857,33,54,0,0,0,0,0,0,0,0,0,0,0,0,0,0,0
Adrenal-neoplasm,TCGA-OR-A5LJ-01A-11D-A29I-10,0.905,0,23,0,31,0,0,38,0,0,0,0,0,0,0,0,0,0
Adrenal-neoplasm,TCGA-PK-A5HB-01A-11D-A29I-10,0.883,15,26,0,0,0,0,79.23,0,0,0,0,0,0,0,0,0,0
Biliary-AdenoCa,TCGA-W5-AA39-01A-11D-A417-09,0.922,0,0,0,0,0,0,0,57.36,0,0,0,0,0,0,0,0,0
Breast-cancer,TCGA-A8-A09Z-01A-11W-A019-09,0.943,51,65,0,0,0,0,122,0,0,0,0,0,0,0,0,0,0
Breast-cancer,TCGA-AN-A0AK-01A-21W-A019-09,0.927,42,84,0,0,0,0,152,0,0,0,0,0,0,0,0,0,0
Breast-cancer,TCGA-AO-A128-01A-11D-A10M-09,0.962,0,13,0,0,0,0,29,0,0,0,0,0,0,0,0,0,0
Breast-cancer,TCGA-BH-A0BZ-01A-31D-A12Q-09,0.876,0,0,0,0,0,35,0,0,0,0,0,0,0,0,0,0,0
Breast-cancer,TCGA-BH-A0HA-01A-11D-A12Q-09,0.882,0,24,0,0,0,0,54,0,0,0,0,0,0,0,0,0,0
Breast-cancer,TCGA-BH-A18G-01A-11D-A12B-09,0.917,0,79,0,0,0,0,152,0,0,0,0,0,0,0,0,0,0
Breast-cancer,TCGA-D8-A1J8-01A-11D-A13L-09,0.907,0,73,0,0,0,0,0,0,0,0,0,0,0,0,0,0,0
Breast-cancer,TCGA-D8-A1XK-01A-21D-A14K-09,0.918,0,116,0,0,0,0,0,0,0,0,0,0,0,0,0,0,0
Breast-cancer,TCGA-D8-A1XQ-01A-11D-A14K-09,0.942,0,54,0,0,0,0,76,0,0,0,0,0,0,0,0,0,0
Breast-cancer,TCGA-D8-A1Y1-01A-21D-A14K-09,0.933,0,20,0,0,0,0,28,0,0,0,0,0,0,0,0,0,0
Breast-cancer,TCGA-D8-A27V-01A-12D-A17D-09,0.986,0,0,0,0,0,0,0,0,0,0,0,0,0,0,3095,0,0
Breast-cancer,TCGA-EW-A1IZ-01A-11D-A188-09,0.948,0,35,0,0,0,0,58,0,0,0,0,0,0,0,0,0,0
Breast-cancer,TCGA-EW-A2FV-01A-11D-A17D-09,0.993,0,0,0,0,0,0,0,0,0,0,0,0,0,0,4198.08,0,0
CNS-GBM,TCGA-06-5416-01A-01D-1486-08,0.954,48,0,0,0,0,0,0,0,0,0,0,0,0,0,0,0,0
CNS-GBM,TCGA-12-0829-01A-01W-0424-08,0.363,0,0,0,14,20,0,0,11,0,0,0,0,0,0,0,0,0
CNS-GBM,TCGA-19-1787-01B-01D-1495-08,0.9,8,10,0,29.23,0,0,17,0,0,0,0,0,0,0,0,0,0
CNS-GBM,TCGA-19-5956-01A-11D-1696-08,0.97,58,0,0,0,0,0,0,0,0,0,0,0,0,0,0,0,0
Cervix-CA,TCGA-2W-A8YY-01A-11D-A37N-09,0.952,211,234,0,0,0,0,0,0,0,0,0,0,0,0,0,0,0
Cervix-CA,TCGA-EA-A3HS-01A-11D-A20U-09,0.944,0,93,0,0,0,0,0,0,0,0,0,0,0,0,0,0,0
Cervix-CA,TCGA-EA-A3HU-01A-11D-A20U-09,0.922,0,48,0,0,0,0,92,0,0,0,0,0,0,0,0,0,0
Cervix-CA,TCGA-EA-A410-01A-11D-A243-09,0.97,0,364.11,0,0,0,0,305,0,0,0,0,0,0,0,0,0,0
Cervix-CA,TCGA-MA-AA42-01A-12D-A387-09,0.941,14,34,0,0,0,0,56,0,0,0,0,0,0,0,0,0,0
Cervix-CA,TCGA-VS-A94Z-01A-11D-A387-09,0.959,0,71,0,0,0,0,93,0,0,0,0,0,0,0,0,0,0
Cervix-CA,TCGA-VS-A9U6-01A-11D-A42O-09,0.957,43,87,0,0,0,0,0,0,0,0,0,0,0,0,0,0,0
Cervix-CA,TCGA-VS-A9UJ-01A-11D-A42O-09,0.924,0,56,0,0,0,0,89,0,0,0,0,0,0,0,0,0,0
ColoRect-AdenoCa,TCGA-5M-AAT6-01A-11D-A40P-10,0.977,0,162,0,0,0,0,242,0,0,0,0,0,0,0,0,0,0
ColoRect-AdenoCa,TCGA-A6-2686-01A-01D-1408-10,0.929,0,210,0,0,0,0,447,0,0,0,0,0,0,0,0,0,0
ColoRect-AdenoCa,TCGA-A6-3809-01A-01D-A270-10,0.971,0,137,0,0,0,0,207,0,0,0,0,0,0,0,0,0,0
ColoRect-AdenoCa,TCGA-A6-5661-01A-01D-1650-10,0.913,0,92,0,0,0,0,282,0,0,0,0,0,0,0,0,0,0
ColoRect-AdenoCa,TCGA-A6-5665-01A-01D-1650-10,0.907,0,182,0,0,0,0,467,0,0,0,0,0,0,0,0,0,0
ColoRect-AdenoCa,TCGA-A6-6653-01A-11D-1771-10,0.934,0,72,0,0,0,0,208,0,0,0,0,0,0,0,0,0,0
ColoRect-AdenoCa,TCGA-A6-6780-01A-11D-A270-10,0.935,0,127,0,0,0,0,248,0,0,0,0,0,0,0,0,0,0
ColoRect-AdenoCa,TCGA-A6-6781-01A-22D-A270-10,0.948,0,161,0,0,0,0,302,0,0,0,0,0,0,0,0,0,0
ColoRect-AdenoCa,TCGA-AA-3492-01A-01D-1408-10,0.953,0,139,0,0,0,0,329,0,0,0,0,0,0,0,0,0,0
ColoRect-AdenoCa,TCGA-AA-3663-01A-01D-1719-10,0.969,0,177,0,0,0,0,350,0,0,0,0,0,0,0,0,0,0
ColoRect-AdenoCa,TCGA-AA-3713-01A-21D-1719-10,0.902,0,93,0,0,0,0,240,0,0,0,0,0,0,0,0,0,0
ColoRect-AdenoCa,TCGA-AA-3715-01A-01W-0900-09,0.986,0,226,0,0,0,0,253,0,0,0,0,0,0,0,0,0,0
ColoRect-AdenoCa,TCGA-AA-3811-01A-01W-0995-10,0.941,0,121,0,0,0,0,204,0,0,0,0,0,0,0,0,0,0
ColoRect-AdenoCa,TCGA-AA-3815-01A-01W-0995-10,0.941,0,73,0,0,0,0,136,0,0,0,0,0,0,0,0,0,0
ColoRect-AdenoCa,TCGA-AA-3821-01A-01W-0995-10,0.947,0,74,0,0,0,0,139,0,0,0,0,0,0,0,0,0,0
ColoRect-AdenoCa,TCGA-AA-3833-01A-01W-0900-09,0.938,0,63,0,0,0,0,76,0,0,0,0,0,0,0,0,0,0
ColoRect-AdenoCa,TCGA-AA-3845-01A-01W-0995-10,0.963,0,106,0,0,0,0,124,0,0,0,0,0,0,0,0,0,0
ColoRect-AdenoCa,TCGA-AA-3864-01A-01D-1981-10,0.944,0,72,0,0,0,0,86,0,0,0,0,0,0,0,0,0,0
ColoRect-AdenoCa,TCGA-AA-3877-01A-01W-0995-10,0.952,0,83,0,0,0,0,155,0,0,0,0,0,0,0,0,0,0
ColoRect-AdenoCa,TCGA-AA-3947-01A-01D-1981-10,0.953,0,138,0,0,0,0,391,0,0,0,0,0,0,0,0,0,0
ColoRect-AdenoCa,TCGA-AA-3949-01A-01W-0995-10,0.965,0,72,0,0,0,0,106,0,0,0,0,0,0,0,0,0,0
ColoRect-AdenoCa,TCGA-AA-3966-01A-01W-1073-09,0.955,0,334,0,0,0,0,0,0,0,0,0,0,0,0,0,0,0
ColoRect-AdenoCa,TCGA-AA-A010-01A-01D-A17O-10,0.894,33,27,0,0,0,0,0,0,0,0,0,0,0,0,0,0,0
ColoRect-AdenoCa,TCGA-AA-A01P-01A-21D-A17O-10,0.924,0,49,0,0,0,0,151,0,0,0,0,0,0,0,0,0,0
ColoRect-AdenoCa,TCGA-AA-A01R-01A-21D-A17O-10,0.976,14,37,0,0,0,0,35,0,0,0,0,0,0,0,0,0,0
ColoRect-AdenoCa,TCGA-AA-A022-01A-21D-A17O-10,0.938,0,106,0,0,0,0,310,0,0,0,0,0,0,0,0,0,0
ColoRect-AdenoCa,TCGA-AA-A02R-01A-01W-A00E-09,0.955,0,360,0,0,0,0,0,0,0,0,0,0,0,0,0,0,0
ColoRect-AdenoCa,TCGA-AD-5900-01A-11D-1650-10,0.924,0,100,0,0,0,0,295,0,0,0,0,0,0,0,0,0,0
ColoRect-AdenoCa,TCGA-AD-6889-01A-11D-1924-10,0.931,0,152,0,0,0,0,384,0,0,0,0,0,0,0,0,0,0
ColoRect-AdenoCa,TCGA-AD-6895-01A-11D-1924-10,0.895,0,70,0,0,0,0,190,0,0,0,0,0,0,0,0,0,0
ColoRect-AdenoCa,TCGA-AD-A5EJ-01A-11D-A28G-10,0.947,0,191,0,0,0,0,263,0,0,0,0,0,0,0,0,0,0
ColoRect-AdenoCa,TCGA-AM-5821-01A-01D-1650-10,0.949,0,74,0,0,0,0,202,0,0,0,0,0,0,0,0,0,0
ColoRect-AdenoCa,TCGA-AU-6004-01A-11D-1719-10,0.949,0,93,0,0,0,0,201,0,0,0,0,0,0,0,0,0,0
ColoRect-AdenoCa,TCGA-AY-6197-01A-11D-1719-10,0.942,0,111,0,0,0,0,198,0,0,0,0,0,0,0,0,0,0
ColoRect-AdenoCa,TCGA-AZ-4315-01A-01D-1408-10,0.951,47,0,0,0,0,0,0,0,0,0,0,0,0,0,0,0,0
ColoRect-AdenoCa,TCGA-AZ-4615-01A-01D-1408-10,0.969,0,142,0,0,0,0,161,0,0,0,0,0,0,0,0,0,0
ColoRect-AdenoCa,TCGA-AZ-6598-01A-11D-1771-10,0.941,0,259,0,0,0,0,572.05,0,0,0,0,0,0,0,0,0,0
ColoRect-AdenoCa,TCGA-CK-4951-01A-01D-1408-10,0.949,0,92,0,0,0,0,221,0,0,0,0,0,0,0,0,0,0
ColoRect-AdenoCa,TCGA-CK-5913-01A-11D-1650-10,0.928,0,60,0,0,0,0,157,0,0,0,0,0,0,0,0,0,0
ColoRect-AdenoCa,TCGA-CK-5916-01A-11D-1650-10,0.934,0,89,0,0,0,0,298,0,0,0,0,0,0,0,0,0,0
ColoRect-AdenoCa,TCGA-CK-6746-01A-11D-1835-10,0.922,0,95,0,0,0,0,274,0,0,0,0,0,0,0,0,0,0
ColoRect-AdenoCa,TCGA-CK-6747-01A-11D-1835-10,0.738,0,0,0,70,0,0,0,0,0,0,0,0,0,0,0,0,0
ColoRect-AdenoCa,TCGA-CM-4743-01A-01D-1719-10,0.935,0,61,0,0,0,0,231,0,0,0,0,0,0,0,0,0,0
ColoRect-AdenoCa,TCGA-CM-4746-01A-01D-1408-10,0.962,0,66,0,0,0,0,105,0,0,0,0,0,0,0,0,0,0
ColoRect-AdenoCa,TCGA-CM-5861-01A-01D-1650-10,0.936,0,95,0,0,0,0,251,0,0,0,0,0,0,0,0,0,0
ColoRect-AdenoCa,TCGA-CM-6162-01A-11D-1650-10,0.964,0,72,0,0,0,0,81,0,0,0,0,0,0,0,0,0,0
ColoRect-AdenoCa,TCGA-CM-6171-01A-11D-1650-10,0.946,0,87,0,0,0,0,222,0,0,0,0,0,0,0,0,0,0
ColoRect-AdenoCa,TCGA-CM-6674-01A-11D-1835-10,0.925,0,51,0,0,0,0,171,0,0,0,0,0,0,0,0,0,0
ColoRect-AdenoCa,TCGA-D5-6530-01A-11D-1719-10,0.947,0,143,0,0,0,0,283,0,0,0,0,0,0,0,0,0,0
ColoRect-AdenoCa,TCGA-D5-6540-01A-11D-1719-10,0.922,0,77,0,0,0,0,264,0,0,0,0,0,0,0,0,0,0
ColoRect-AdenoCa,TCGA-D5-6927-01A-21D-1924-10,0.942,0,64,0,0,0,0,134,0,0,0,0,0,0,0,0,0,0
ColoRect-AdenoCa,TCGA-D5-6928-01A-11D-1924-10,0.925,0,76,0,0,0,0,251,0,0,0,0,0,0,0,0,0,0
ColoRect-AdenoCa,TCGA-D5-6930-01A-11D-1924-10,0.908,0,96,0,0,0,0,180,0,0,0,0,0,0,0,0,0,0
ColoRect-AdenoCa,TCGA-DM-A1HB-01A-21D-A183-10,0.969,0,114,0,0,0,0,199,0,0,0,0,0,0,0,0,0,0
ColoRect-AdenoCa,TCGA-F4-6570-01A-11D-1771-10,0.925,0,99,0,0,0,0,286,0,0,0,0,0,0,0,0,0,0
ColoRect-AdenoCa,TCGA-F4-6703-01A-11D-1835-10,0.929,11,24,0,0,0,0,56,0,0,0,0,0,0,0,0,0,0
ColoRect-AdenoCa,TCGA-F4-6856-01A-11D-1924-10,0.887,0,76,0,0,0,0,206,0,0,0,0,0,0,0,0,0,0
ColoRect-AdenoCa,TCGA-G4-6302-01A-11D-1719-10,0.933,0,74,0,0,0,0,131,0,0,0,0,0,0,0,0,0,0
ColoRect-AdenoCa,TCGA-G4-6304-01A-11D-1924-10,0.938,0,64,0,0,0,0,127,0,0,0,0,0,0,0,0,0,0
ColoRect-AdenoCa,TCGA-G4-6309-01A-21D-1835-10,0.931,27,39,0,0,0,0,144,0,0,0,0,0,0,0,0,0,0
ColoRect-AdenoCa,TCGA-G4-6320-01A-11D-1719-10,0.926,0,51,0,0,0,0,137,0,0,0,0,0,0,0,0,0,0
ColoRect-AdenoCa,TCGA-G4-6586-01A-11D-1771-10,0.947,0,99,0,0,0,0,220,0,0,0,0,0,0,0,0,0,0
ColoRect-AdenoCa,TCGA-G4-6588-01A-11D-1771-10,0.949,0,124,0,0,0,0,404,0,0,0,0,0,0,0,0,0,0
ColoRect-AdenoCa,TCGA-G4-6628-01A-11D-1835-10,0.969,76,121,0,0,0,0,241,0,0,0,0,0,0,0,0,0,0
ColoRect-AdenoCa,TCGA-NH-A5IV-01A-42D-A36X-10,0.958,0,232,0,0,0,0,537,0,0,0,0,0,0,0,0,0,0
ColoRect-AdenoCa,TCGA-QG-A5Z2-01A-11D-A28G-10,0.968,0,117,0,0,0,0,144,0,0,0,0,0,0,0,0,0,0
ColoRect-AdenoCa,TCGA-WS-AB45-01A-11D-A40P-10,0.961,0,172,0,0,0,0,379,0,0,0,0,0,0,0,0,0,0
ColoRect-AdenoCa,TCGA-AG-3891-01A-01W-1073-09,0.93,80,70,0,0,0,0,0,0,0,0,0,0,0,0,0,0,0
ColoRect-AdenoCa,TCGA-AG-A002-01A-01W-A00K-09,0.949,43,32,0,0,0,0,0,0,0,0,0,0,0,0,0,0,0
ColoRect-AdenoCa,TCGA-AG-A02N-01A-11W-A096-10,0.924,0,73,0,0,0,0,160,0,0,0,0,0,0,0,0,0,0
ColoRect-AdenoCa,TCGA-EI-6507-01A-11D-1733-10,0.893,0,53,0,0,0,0,185,0,0,0,0,0,0,0,0,0,0
ColoRect-AdenoCa,TCGA-EI-6882-01A-11D-1924-10,0.933,0,66,0,0,0,0,183,0,0,0,0,0,0,0,0,0,0
DLBC,TCGA-DU-6392-01A-11D-1705-08,0.935,235.19,0,0,0,0,0,0,0,0,0,0,0,0,0,0,0,0
DLBC,TCGA-HT-8564-01A-11D-2395-08,0.807,0,17,0,36,0,0,49,0,0,0,0,0,0,0,0,0,0
Eso-AdenoCa,TCGA-L5-A43J-01A-12D-A247-09,0.937,0,409,0,0,0,0,0,0,0,0,0,0,0,0,0,0,0
Eso-AdenoCa,TCGA-L5-A4OI-01A-11D-A27G-09,0.939,0,955.11,0,0,0,0,0,0,0,0,0,0,0,0,0,0,0
Eso-AdenoCa,TCGA-L5-A8NM-01A-11D-A37C-09,0.951,0,295,0,0,0,0,316,0,0,0,0,0,0,0,0,0,0
Eso-AdenoCa,TCGA-V5-AASV-01A-11D-A387-09,0.78,0,0,0,49,0,0,0,0,0,0,0,0,0,0,0,0,0
Head-SCC,TCGA-CN-5369-01A-01D-1434-08,0.907,0,41,0,0,0,0,0,0,0,0,0,0,0,0,0,0,0
Head-SCC,TCGA-CR-7402-01A-11D-2012-08,0.858,0,0,38,0,0,0,0,0,0,0,0,0,0,0,0,0,0
Head-SCC,TCGA-CV-A6K1-01A-11D-A31L-08,0.889,0,28,0,0,0,0,68,0,0,0,0,0,0,0,0,0,0
Head-SCC,TCGA-F7-A624-01A-22D-A30E-08,0.937,0,113,0,0,0,0,240.16,0,0,0,0,0,0,0,0,0,0
Head-SCC,TCGA-QK-A6VB-01A-12D-A34J-08,0.936,30,17,0,0,0,0,62,0,0,0,0,0,0,0,0,0,0
Kidney-RCC,TCGA-B0-5098-01A-01D-1421-08,0.935,0,50,0,0,0,0,90.23,0,0,0,0,0,0,0,0,0,0
Liver-HCC,TCGA-4R-AA8I-01A-11D-A382-10,0.944,0,74,0,0,0,0,142.12,0,0,0,0,0,0,0,0,0,0
Liver-HCC,TCGA-WQ-A9G7-01A-11D-A36X-10,0.907,16,17,0,0,0,0,65,0,0,0,0,0,0,0,0,0,0
Lung-AdenoCa,TCGA-05-4382-01A-01D-1931-08,0.872,0,0,34,0,0,0,0,0,0,0,0,0,0,0,0,0,0
Lung-AdenoCa,TCGA-05-4427-01A-21D-1855-08,0.897,0,0,37,0,0,0,0,0,0,0,0,0,0,0,0,0,0
Lung-AdenoCa,TCGA-17-Z031-01A-01W-0746-08,0.926,0,0,58,0,0,0,0,0,0,0,0,0,0,0,0,0,0
Lung-AdenoCa,TCGA-44-5644-01A-21D-2036-08,0.779,0,0,37,0,0,0,0,0,0,0,0,0,0,0,0,0,0
Lung-AdenoCa,TCGA-44-7670-01A-11D-2063-08,0.803,0,0,44,0,0,0,0,0,0,0,0,0,0,0,0,0,0
Lung-AdenoCa,TCGA-55-7994-01A-11D-2184-08,0.904,0,0,63,0,0,0,0,0,0,0,0,0,0,0,0,0,0
Lung-AdenoCa,TCGA-55-8506-01A-11D-2393-08,0.85,22,30,0,0,0,0,102.17,0,0,0,0,0,0,0,0,0,0
Lung-AdenoCa,TCGA-55-A490-01A-11D-A24D-08,0.84,0,0,41,0,0,0,0,0,0,0,0,0,0,0,0,0,0
Lung-AdenoCa,TCGA-62-A46O-01A-11D-A24D-08,0.854,0,0,35,0,0,0,0,0,0,0,0,0,0,0,0,0,0
Lung-AdenoCa,TCGA-64-5781-01A-01D-1625-08,0.935,0,0,42,0,0,0,0,0,0,0,0,0,0,0,0,0,0
Lung-AdenoCa,TCGA-78-7155-01A-11D-2036-08,0.92,0,0,45,21,0,0,0,0,0,0,0,0,0,0,0,0,0
Lung-AdenoCa,TCGA-86-8073-01A-11D-2238-08,0.87,0,0,34,0,0,0,0,0,0,0,0,0,0,0,0,0,0
Lung-AdenoCa,TCGA-86-A4JF-01A-11D-A24P-08,0.896,18,32,0,0,0,0,101,0,0,0,0,0,0,0,0,0,0
Lung-AdenoCa,TCGA-95-7039-01A-11D-1945-08,0.906,0,0,53,0,0,0,0,0,0,0,0,0,0,0,0,0,0
Lung-AdenoCa,TCGA-95-7043-01A-11D-1945-08,0.955,0,0,54,0,0,0,0,0,0,0,0,0,0,0,0,0,0
Lung-AdenoCa,TCGA-95-7562-01A-11D-2238-08,0.645,0,0,0,45,0,0,0,0,0,0,0,0,0,0,0,0,0
Lung-AdenoCa,TCGA-95-7567-01A-11D-2063-08,0.833,59,0,0,0,0,0,0,0,0,0,0,0,0,0,0,0,0
Lung-AdenoCa,TCGA-MN-A4N4-01A-12D-A24P-08,0.857,0,0,43,0,0,0,0,0,0,0,0,0,0,0,0,0,0
Lung-AdenoCa,TCGA-NJ-A4YQ-01A-11D-A25L-08,0.886,0,0,40,0,0,0,0,0,0,0,0,0,0,0,0,0,0
Lung-SCC,TCGA-21-1080-01A-01W-0782-08,0.938,0,66,0,0,0,0,98.16,0,0,0,0,0,0,0,0,0,0
Lung-SCC,TCGA-33-4566-01A-01D-1441-08,0.867,0,0,37,0,0,0,0,0,0,0,0,0,0,0,0,0,0
Lung-SCC,TCGA-39-5031-01A-01D-1441-08,0.71,0,0,0,34,0,0,0,0,0,0,0,0,0,0,0,0,0
Lung-SCC,TCGA-39-5040-01A-21D-2122-08,0.852,0,0,34,0,0,0,0,0,0,0,0,0,0,0,0,0,0
Lung-SCC,TCGA-63-A5MM-01A-11D-A26M-08,0.86,0,32,0,0,0,0,88,0,0,0,0,0,0,0,0,0,0
Lung-SCC,TCGA-94-8490-01A-11D-2323-08,0.904,72,52,0,0,0,0,0,0,0,0,0,0,0,0,0,0,0
Lung-SCC,TCGA-98-A53A-01A-11D-A25L-08,0.758,0,0,0,22,0,0,15,0,0,0,0,0,0,0,0,0,0
Ovary-AdenoCa,TCGA-13-0889-01A-01W-0420-08,0.944,0,0,0,0,0,0,0,0,0,0,0,0,0,0,0,1085.21,0
Ovary-AdenoCa,TCGA-59-2349-01A-01W-0799-08,0.915,0,26,0,0,0,0,55,0,0,0,0,0,0,0,0,0,0
Panc-AdenoCa,TCGA-IB-7651-01A-11D-2154-08,0.916,71.25,0,0,0,0,0,0,0,0,0,0,0,0,0,0,0,0
Prost-AdenoCa,TCGA-EJ-7782-01A-11D-2114-08,0.924,11,15,0,0,0,0,34,0,0,0,0,0,0,0,0,0,0
Prost-AdenoCa,TCGA-J9-A52C-01A-11D-A26M-08,0.92,7,14,0,18,0,0,31,0,0,0,0,0,0,0,0,0,0
Prost-AdenoCa,TCGA-KK-A59V-01A-11D-A29Q-08,0.88,0,43,0,0,0,0,147.23,0,0,0,0,0,0,0,0,0,0
Prost-AdenoCa,TCGA-XK-AAIW-01A-11D-A41K-08,0.97,60,53,0,0,0,0,0,0,0,0,0,0,0,0,0,0,0
Sarcoma,TCGA-3B-A9HT-01A-11D-A38Z-09,0.957,33,49,0,0,0,0,0,0,0,0,0,0,0,0,0,0,0
Sarcoma,TCGA-QQ-A8VF-01A-11D-A37C-09,0.935,0,95,0,0,0,0,144.21,0,0,0,0,0,0,0,0,0,0
Skin-Melanoma,TCGA-D3-A8GM-06A-11D-A372-08,0.953,29,45,0,0,0,0,69.2,0,0,0,0,0,0,0,0,0,0
Skin-Melanoma,TCGA-ER-A19P-06A-11D-A196-08,0.698,0,0,43,0,0,0,0,0,0,0,0,0,0,0,0,0,0
Skin-Melanoma,TCGA-FS-A4F9-06A-11D-A24R-08,0.869,0,0,0,34,0,0,0,0,0,0,0,0,0,0,0,0,0
Skin-Melanoma,TCGA-W3-A824-06A-21D-A34U-08,0.864,0,5,0,0,0,0,19,9,0,0,0,0,0,0,0,0,0
Stomach-AdenoCa,TCGA-B7-5816-01A-21D-1600-08,0.946,0,110,0,0,0,0,179,0,0,0,0,0,0,0,0,0,0
Stomach-AdenoCa,TCGA-B7-A5TI-01A-11D-A31L-08,0.946,0,46,0,0,0,0,81,0,0,0,0,0,0,0,0,0,0
Stomach-AdenoCa,TCGA-BR-4184-01A-01D-1126-08,0.966,0,425,0,0,0,0,0,0,0,0,0,0,0,0,0,0,0
Stomach-AdenoCa,TCGA-BR-4201-01A-01D-1126-08,0.978,0,170,0,0,0,0,211,0,0,0,0,0,0,0,0,0,0
Stomach-AdenoCa,TCGA-BR-4256-01A-01D-1126-08,0.952,0,102,0,0,0,0,122,0,0,0,0,0,0,0,0,0,0
Stomach-AdenoCa,TCGA-BR-4257-01A-01D-1126-08,0.978,0,123,0,0,0,0,111,0,0,0,0,0,0,0,0,0,0
Stomach-AdenoCa,TCGA-BR-4292-01A-01D-1126-08,0.955,0,185,0,0,0,0,219,0,0,0,0,0,0,0,0,0,0
Stomach-AdenoCa,TCGA-BR-4361-01A-01D-1158-08,0.954,0,174,0,0,0,0,279,0,0,0,0,0,0,0,0,0,0
Stomach-AdenoCa,TCGA-BR-4362-01A-01D-1158-08,0.958,0,143,0,0,0,0,239,0,0,0,0,0,0,0,0,0,0
Stomach-AdenoCa,TCGA-BR-4363-01A-01D-1158-08,0.96,0,78,0,0,0,0,126,0,0,0,0,0,0,0,0,0,0
Stomach-AdenoCa,TCGA-BR-4368-01A-01D-1158-08,0.973,0,121,0,0,0,0,162,0,0,0,0,0,0,0,0,0,0
Stomach-AdenoCa,TCGA-BR-4370-01A-01D-1158-08,0.931,0,95,0,0,0,0,146,0,0,0,0,0,0,0,0,0,0
Stomach-AdenoCa,TCGA-BR-6566-01A-11D-1800-08,0.966,0,77,0,0,0,0,117,0,0,0,0,0,0,0,0,0,0
Stomach-AdenoCa,TCGA-BR-6802-01A-11D-1882-08,0.911,0,86,0,0,0,0,0,0,0,0,0,0,0,0,0,0,0
Stomach-AdenoCa,TCGA-BR-6852-01A-11D-1882-08,0.976,0,87,0,0,0,0,120,0,0,0,0,0,0,0,0,0,0
Stomach-AdenoCa,TCGA-BR-7703-01A-11D-2053-08,0.929,0,44,0,0,0,0,112,0,0,0,0,0,0,0,0,0,0
Stomach-AdenoCa,TCGA-BR-7707-01A-11D-2053-08,0.942,0,84,0,0,0,0,170,0,0,0,0,0,0,0,0,0,0
Stomach-AdenoCa,TCGA-BR-7851-01A-11D-2201-08,0.966,0,122,0,0,0,0,192,0,0,0,0,0,0,0,0,0,0
Stomach-AdenoCa,TCGA-BR-8059-01A-11D-2340-08,0.895,0,101,0,0,0,0,0,0,0,0,0,0,0,0,0,0,0
Stomach-AdenoCa,TCGA-BR-8078-01A-11D-2340-08,0.973,0,214,0,0,0,0,290,0,0,0,0,0,0,0,0,0,0
Stomach-AdenoCa,TCGA-BR-8081-01A-11D-2340-08,0.943,0,72,0,0,0,0,97,0,0,0,0,0,0,0,0,0,0
Stomach-AdenoCa,TCGA-BR-8360-01A-11D-2340-08,0.942,0,71,0,0,0,0,139,0,0,0,0,0,0,0,0,0,0
Stomach-AdenoCa,TCGA-BR-8361-01A-11D-2340-08,0.971,0,145,0,0,0,0,236,0,0,0,0,0,0,0,0,0,0
Stomach-AdenoCa,TCGA-BR-8363-01A-11D-2340-08,0.964,0,108,0,0,0,0,184,0,0,0,0,0,0,0,0,0,0
Stomach-AdenoCa,TCGA-BR-8368-01A-11D-2340-08,0.965,0,120,0,0,0,0,156,0,0,0,0,0,0,0,0,0,0
Stomach-AdenoCa,TCGA-BR-8372-01A-11D-2340-08,0.973,0,124,0,0,0,0,171,0,0,0,0,0,0,0,0,0,0
Stomach-AdenoCa,TCGA-BR-8382-01A-11D-2394-08,0.976,0,87,0,0,0,0,103,0,0,0,0,0,0,0,0,0,0
Stomach-AdenoCa,TCGA-BR-8487-01A-11D-2394-08,0.949,0,223,0,0,0,0,446.11,0,0,0,0,0,0,0,0,0,0
Stomach-AdenoCa,TCGA-BR-8591-01A-11D-2394-08,0.959,0,151,0,0,0,0,230,0,0,0,0,0,0,0,0,0,0
Stomach-AdenoCa,TCGA-BR-A4QL-01A-31D-A25D-08,0.958,0,216,0,0,0,0,318,0,0,0,0,0,0,0,0,0,0
Stomach-AdenoCa,TCGA-CD-8536-01A-11D-2340-08,0.948,0,84,0,0,0,0,128,0,0,0,0,0,0,0,0,0,0
Stomach-AdenoCa,TCGA-CD-A4MG-01A-11D-A25D-08,0.965,0,217,0,0,0,0,331,0,0,0,0,0,0,0,0,0,0
Stomach-AdenoCa,TCGA-CD-A4MI-01A-21D-A25D-08,0.949,0,61,0,0,0,0,134,0,0,0,0,0,0,0,0,0,0
Stomach-AdenoCa,TCGA-CD-A4MJ-01A-11D-A25D-08,0.944,0,60,0,0,0,0,122,0,0,0,0,0,0,0,0,0,0
Stomach-AdenoCa,TCGA-CG-4305-01A-01D-1158-08,0.959,0,115,0,0,0,0,166,0,0,0,0,0,0,0,0,0,0
Stomach-AdenoCa,TCGA-CG-4306-01A-01D-1158-08,0.925,0,108,0,0,0,0,207,0,0,0,0,0,0,0,0,0,0
Stomach-AdenoCa,TCGA-CG-4465-01A-01D-1158-08,0.947,0,61,0,0,0,0,104,0,0,0,0,0,0,0,0,0,0
Stomach-AdenoCa,TCGA-CG-4477-01A-01D-1158-08,0.932,0,0,0,0,0,0,0,0,0,0,0,0,0,0,0,0,93
Stomach-AdenoCa,TCGA-CG-5721-01A-11D-1600-08,0.977,0,223,0,0,0,0,342,0,0,0,0,0,0,0,0,0,0
Stomach-AdenoCa,TCGA-CG-5723-01A-11D-1600-08,0.965,0,187,0,0,0,0,291,0,0,0,0,0,0,0,0,0,0
Stomach-AdenoCa,TCGA-CG-5725-01A-11D-1600-08,0.85,0,0,0,0,0,0,0,26,0,0,0,0,0,0,0,0,43
Stomach-AdenoCa,TCGA-CG-5726-01A-11D-1600-08,0.976,0,200,0,0,0,0,227,0,0,0,0,0,0,0,0,0,0
Stomach-AdenoCa,TCGA-CG-5728-01A-11D-1600-08,0.957,0,149,0,0,0,0,222,0,0,0,0,0,0,0,0,0,0
Stomach-AdenoCa,TCGA-CG-5733-01A-11D-1600-08,0.965,0,145,0,0,0,0,197,0,0,0,0,0,0,0,0,0,0
Stomach-AdenoCa,TCGA-D7-A4YV-01A-11D-A25D-08,0.931,0,65,0,0,0,0,128,0,0,0,0,0,0,0,0,0,0
Stomach-AdenoCa,TCGA-D7-A4YY-01A-11D-A25D-08,0.868,0,32,0,0,0,0,91,0,0,0,0,0,0,0,0,0,0
Stomach-AdenoCa,TCGA-D7-A6EY-01A-21D-A31L-08,0.961,0,111,0,0,0,0,166,0,0,0,0,0,0,0,0,0,0
Stomach-AdenoCa,TCGA-F1-6177-01A-11D-1800-08,0.959,0,191,0,0,0,0,206,0,0,0,0,0,0,0,0,0,0
Stomach-AdenoCa,TCGA-F1-6874-01A-11D-1882-08,0.927,0,76,0,0,0,0,175,0,0,0,0,0,0,0,0,0,0
Stomach-AdenoCa,TCGA-F1-A448-01A-11D-A24D-08,0.957,0,47,0,0,0,0,62,0,0,0,0,0,0,0,0,0,0
Stomach-AdenoCa,TCGA-FP-A4BE-01A-12D-A24D-08,0.949,0,104,0,0,0,0,199,0,0,0,0,0,0,0,0,0,0
Stomach-AdenoCa,TCGA-HF-7132-01A-11D-2053-08,0.919,0,80,0,0,0,0,178,0,0,0,0,0,0,0,0,0,0
Stomach-AdenoCa,TCGA-HF-A5NB-01A-11D-A31L-08,0.957,0,173,0,0,0,0,236,0,0,0,0,0,0,0,0,0,0
Stomach-AdenoCa,TCGA-HJ-7597-01A-21D-2201-08,0.923,0,49,0,0,0,0,105,0,0,0,0,0,0,0,0,0,0
Stomach-AdenoCa,TCGA-HU-8602-01A-11D-2394-08,0.984,0,199,0,0,0,0,243,0,0,0,0,0,0,0,0,0,0
Stomach-AdenoCa,TCGA-HU-A4G8-01A-11D-A25D-08,0.966,0,136,0,0,0,0,226,0,0,0,0,0,0,0,0,0,0
Stomach-AdenoCa,TCGA-HU-A4G9-01A-11D-A24D-08,0.977,0,109,0,0,0,0,140,0,0,0,0,0,0,0,0,0,0
Stomach-AdenoCa,TCGA-HU-A4GN-01A-11D-A25D-08,0.947,0,94,0,0,0,0,171,0,0,0,0,0,0,0,0,0,0
Stomach-AdenoCa,TCGA-HU-A4GQ-01A-11D-A25D-08,0.947,0,156,0,0,0,0,236,0,0,0,0,0,0,0,0,0,0
Stomach-AdenoCa,TCGA-HU-A4GT-01A-21D-A25D-08,0.931,0,141,0,0,0,0,230,0,0,0,0,0,0,0,0,0,0
Stomach-AdenoCa,TCGA-HU-A4GU-01A-11D-A25D-08,0.963,0,75,0,0,0,0,150,0,0,0,0,0,0,0,0,0,0
Stomach-AdenoCa,TCGA-HU-A4GX-01A-12D-A25D-08,0.959,0,106,0,0,0,0,221,0,0,0,0,0,0,0,0,0,0
Stomach-AdenoCa,TCGA-HU-A4H3-01A-21D-A25D-08,0.953,0,79,0,0,0,0,171,0,0,0,0,0,0,0,0,0,0
Stomach-AdenoCa,TCGA-HU-A4H4-01A-21D-A25D-08,0.942,0,34,0,0,0,0,46,0,0,0,0,0,0,0,0,0,0
Stomach-AdenoCa,TCGA-HU-A4H8-01A-11D-A25D-08,0.945,0,115,0,0,0,0,171,0,0,0,0,0,0,0,0,0,0
Stomach-AdenoCa,TCGA-KB-A93J-01A-11D-A397-08,0.892,0,0,0,0,0,0,0,22,0,0,0,0,0,0,0,0,71
Stomach-AdenoCa,TCGA-MX-A5UJ-01A-11D-A31L-08,0.953,0,132,0,0,0,0,220,0,0,0,0,0,0,0,0,0,0
Stomach-AdenoCa,TCGA-R5-A7ZI-01A-11D-A34U-08,0.923,0,55,0,0,0,0,113,0,0,0,0,0,0,0,0,0,0
Stomach-AdenoCa,TCGA-RD-A8NB-01A-12D-A397-08,0.956,14,37,0,0,0,0,46,0,0,0,0,0,0,0,0,0,0
Stomach-AdenoCa,TCGA-SW-A7EA-01A-12D-A34U-08,0.898,0,153,0,0,0,0,0,0,0,0,0,0,0,0,0,0,0
Stomach-AdenoCa,TCGA-VQ-A8DL-01A-11D-A364-08,0.946,0,0,0,0,0,0,0,24,0,0,0,0,0,0,0,0,83
Stomach-AdenoCa,TCGA-VQ-A8E3-01A-11D-A397-08,0.975,0,72,0,0,0,0,99,0,0,0,0,0,0,0,0,0,0
Stomach-AdenoCa,TCGA-VQ-A8P2-01A-11D-A364-08,0.986,127,157,0,0,0,0,199,0,0,0,0,0,0,0,0,0,0
Stomach-AdenoCa,TCGA-VQ-A8PB-01A-11D-A397-08,0.948,0,79,0,0,0,0,127,0,0,0,0,0,0,0,0,0,0
Stomach-AdenoCa,TCGA-VQ-A8PO-01A-11D-A410-08,0.978,0,114,0,0,0,0,105,0,0,0,0,0,0,0,0,0,0
Stomach-AdenoCa,TCGA-VQ-A8PP-01A-21D-A410-08,0.971,0,153,0,0,0,0,207,0,0,0,0,0,0,0,0,0,0
Stomach-AdenoCa,TCGA-VQ-A8PT-01A-11D-A410-08,0.952,0,145,0,0,0,0,252,0,0,0,0,0,0,0,0,0,0
Stomach-AdenoCa,TCGA-VQ-A8PX-01A-12D-A410-08,0.965,0,58,0,0,0,0,70,0,0,0,0,0,0,0,0,0,0
Stomach-AdenoCa,TCGA-VQ-A91D-01A-11D-A410-08,0.936,0,172,0,0,0,0,332,0,0,0,0,0,0,0,0,0,0
Stomach-AdenoCa,TCGA-VQ-A91E-01A-31D-A410-08,0.981,0,81,0,0,0,0,90,0,0,0,0,0,0,0,0,0,0
Stomach-AdenoCa,TCGA-VQ-A91K-01A-11D-A410-08,0.951,0,126,0,0,0,0,208,0,0,0,0,0,0,0,0,0,0
Stomach-AdenoCa,TCGA-VQ-A924-01A-11D-A410-08,0.951,0,130,0,0,0,0,272,0,0,0,0,0,0,0,0,0,0
Stomach-AdenoCa,TCGA-VQ-AA6D-01A-11D-A410-08,0.855,0,76,0,0,0,0,0,0,0,0,0,0,0,0,0,0,0
Thymoma,TCGA-ZB-A966-01A-11D-A428-09,0.915,0,286.32,0,0,0,0,0,0,0,0,0,0,0,0,0,0,0
Transitional-cell-carcinoma,TCGA-ZF-AA4W-01A-12D-A38G-08,0.951,17,14,0,0,0,0,46.19,0,0,0,0,0,0,0,0,0,0
UCS,TCGA-N7-A4Y0-01A-12D-A28R-08,0.946,0,66,0,0,0,0,142.26,0,0,0,0,0,0,0,0,0,0
Uterus-AdenoCa,TCGA-A5-A0G1-01A-11D-A122-09,0.945,33,24,0,0,0,0,0,0,0,0,0,0,0,0,0,0,0
Uterus-AdenoCa,TCGA-A5-A0G2-01A-11W-A062-09,0.959,188,0,0,0,0,0,0,0,0,0,0,0,0,0,0,0,0
Uterus-AdenoCa,TCGA-A5-A0GA-01A-11W-A062-09,0.922,0,35,0,0,0,0,53,0,0,0,0,0,0,0,0,0,0
Uterus-AdenoCa,TCGA-A5-A0GB-01A-11W-A062-09,0.973,0,80,0,0,0,0,127,0,0,0,0,0,0,0,0,0,0
Uterus-AdenoCa,TCGA-A5-A0GH-01A-21W-A062-09,0.949,0,62,0,0,0,0,83,0,0,0,0,0,0,0,0,0,0
Uterus-AdenoCa,TCGA-A5-A0GI-01A-11W-A062-09,0.865,12,14,0,0,0,0,44,0,0,0,0,0,0,0,0,0,0
Uterus-AdenoCa,TCGA-A5-A0GW-01A-11W-A062-09,0.977,0,43,0,0,0,0,50,0,0,0,0,0,0,0,0,0,0
Uterus-AdenoCa,TCGA-A5-A0VP-01A-21D-A10B-09,0.952,16,29,0,0,0,0,0,0,0,0,0,0,0,0,0,0,0
Uterus-AdenoCa,TCGA-A5-A0VQ-01A-11D-A10B-09,0.961,14,32,0,0,0,0,57,0,0,0,0,0,0,0,0,0,0
Uterus-AdenoCa,TCGA-A5-A1OF-01A-11D-A14G-09,0.989,83,76,0,0,0,0,0,0,0,0,0,0,0,0,0,0,0
Uterus-AdenoCa,TCGA-A5-A2K3-01A-11D-A17W-09,0.936,0,90,0,0,0,0,0,0,0,0,0,0,0,0,0,0,0
Uterus-AdenoCa,TCGA-A5-A2K5-01A-11D-A17W-09,0.984,47,0,0,0,0,0,0,0,0,0,0,0,0,0,0,0,0
Uterus-AdenoCa,TCGA-A5-A2K7-01A-11D-A17W-09,0.923,0,356,0,0,0,0,0,0,0,0,0,0,0,0,0,0,0
Uterus-AdenoCa,TCGA-AJ-A23O-01A-11D-A159-09,0.964,0,299,0,0,0,0,0,0,0,0,0,0,0,0,0,0,0
Uterus-AdenoCa,TCGA-AJ-A2QO-01A-11D-A18P-09,0.973,0,387,0,0,0,0,307,0,0,0,0,0,0,0,0,0,0
Uterus-AdenoCa,TCGA-AJ-A3BG-01A-11D-A19Y-09,0.967,0,252,0,0,0,0,212,0,0,0,0,0,0,0,0,0,0
Uterus-AdenoCa,TCGA-AJ-A3BH-01A-11D-A19Y-09,0.935,0,691,0,0,0,0,0,0,0,0,0,0,0,0,0,0,0
Uterus-AdenoCa,TCGA-AJ-A3EK-01A-11D-A19Y-09,0.964,155,113,0,0,0,0,0,0,0,0,0,0,0,0,0,0,0
Uterus-AdenoCa,TCGA-AJ-A3EL-01A-11D-A20S-09,0.977,97,0,0,0,0,0,0,0,0,0,0,0,0,0,0,0,0
Uterus-AdenoCa,TCGA-AJ-A3OJ-01A-11D-A228-09,0.945,0,504,0,0,0,0,0,0,0,0,0,0,0,0,0,0,0
Uterus-AdenoCa,TCGA-AJ-A3OL-01A-11D-A228-09,0.929,0,180,0,0,0,0,0,0,0,0,0,0,0,0,0,0,0
Uterus-AdenoCa,TCGA-AJ-A8CT-01A-11D-A37N-09,0.916,0,49,0,0,0,0,76,0,0,0,0,0,0,0,0,0,0
Uterus-AdenoCa,TCGA-AJ-A8CV-01A-11D-A37N-09,0.898,0,31,0,0,0,0,56,0,0,0,0,0,0,0,0,0,0
Uterus-AdenoCa,TCGA-AJ-A8CW-01A-11D-A37N-09,0.906,0,327,0,0,0,0,0,0,0,0,0,0,0,0,0,0,0
Uterus-AdenoCa,TCGA-AP-A051-01A-21W-A027-09,0.875,0,414,0,0,0,0,0,0,0,0,0,0,0,0,0,0,0
Uterus-AdenoCa,TCGA-AP-A056-01A-11W-A027-09,0.955,76,0,0,0,0,0,0,0,0,0,0,0,0,0,0,0,0
Uterus-AdenoCa,TCGA-AP-A059-01A-21D-A122-09,0.928,42,38,0,0,0,0,0,0,0,0,0,0,0,0,0,0,0
Uterus-AdenoCa,TCGA-AP-A05N-01A-11W-A027-09,0.911,0,81,0,0,0,0,0,0,0,0,0,0,0,0,0,0,0
Uterus-AdenoCa,TCGA-AP-A0LD-01A-11W-A062-09,0.976,0,137,0,0,0,0,0,0,0,0,0,0,0,0,0,0,0
Uterus-AdenoCa,TCGA-AP-A0LE-01A-11D-A127-09,0.949,0,77,0,0,0,0,99,0,0,0,0,0,0,0,0,0,0
Uterus-AdenoCa,TCGA-AP-A0LG-01A-11W-A062-09,0.975,17,42,0,0,0,0,58,0,0,0,0,0,0,0,0,0,0
Uterus-AdenoCa,TCGA-AP-A0LM-01A-11D-A122-09,0.929,83,0,0,0,0,0,0,0,0,0,0,0,0,0,0,0,0
Uterus-AdenoCa,TCGA-AP-A0LP-01A-12D-A10B-09,0.93,0,41,0,0,0,0,51,0,0,0,0,0,0,0,0,0,0
Uterus-AdenoCa,TCGA-AP-A0LS-01A-11D-A14G-09,0.971,0,279,0,0,0,0,0,0,0,0,0,0,0,0,0,0,0
Uterus-AdenoCa,TCGA-AP-A0LT-01A-11W-A062-09,0.956,0,90,0,0,0,0,131,0,0,0,0,0,0,0,0,0,0
Uterus-AdenoCa,TCGA-AP-A1DH-01A-31D-A135-09,0.968,0,114,0,0,0,0,180,0,0,0,0,0,0,0,0,0,0
Uterus-AdenoCa,TCGA-AP-A1DK-01A-11D-A135-09,0.952,191,133,0,0,0,0,0,0,0,0,0,0,0,0,0,0,0
Uterus-AdenoCa,TCGA-AP-A1DM-01A-21D-A135-09,0.967,0,100,0,0,0,0,100,0,0,0,0,0,0,0,0,0,0
Uterus-AdenoCa,TCGA-AP-A1DO-01A-11D-A135-09,0.925,0,371,0,0,0,0,0,0,0,0,0,0,0,0,0,0,0
Uterus-AdenoCa,TCGA-AP-A1DP-01A-11D-A135-09,0.936,0,282,0,0,0,0,0,0,0,0,0,0,0,0,0,0,0
Uterus-AdenoCa,TCGA-AP-A1DR-01A-11D-A135-09,0.939,0,556,0,0,0,0,0,0,0,0,0,0,0,0,0,0,0
Uterus-AdenoCa,TCGA-AP-A1DV-01A-21D-A135-09,0.981,44,22,0,0,0,0,0,0,0,0,0,0,0,0,0,0,0
Uterus-AdenoCa,TCGA-AP-A1E1-01A-11D-A135-09,0.948,0,100,0,0,0,0,125,0,0,0,0,0,0,0,0,0,0
Uterus-AdenoCa,TCGA-AX-A05S-01A-11W-A027-09,0.945,0,144,0,0,0,0,0,0,0,0,0,0,0,0,0,0,0
Uterus-AdenoCa,TCGA-AX-A05Y-01A-11W-A027-09,0.903,0,34,0,0,0,0,0,0,0,0,0,0,0,0,0,0,0
Uterus-AdenoCa,TCGA-AX-A060-01A-11W-A027-09,0.869,0,158,0,0,0,0,0,0,0,0,0,0,0,0,0,0,0
Uterus-AdenoCa,TCGA-AX-A063-01A-11W-A027-09,0.961,0,76,0,0,0,0,100,0,0,0,0,0,0,0,0,0,0
Uterus-AdenoCa,TCGA-AX-A064-01A-11W-A027-09,0.923,0,64,0,0,0,0,0,0,0,0,0,0,0,0,0,0,0
Uterus-AdenoCa,TCGA-AX-A06F-01A-11W-A027-09,0.902,43,0,0,0,0,0,0,0,0,0,0,0,0,0,0,0,0
Uterus-AdenoCa,TCGA-AX-A06H-01A-11D-A122-09,0.949,0,58,0,0,0,0,85,0,0,0,0,0,0,0,0,0,0
Uterus-AdenoCa,TCGA-AX-A0J0-01A-11D-A117-09,0.992,63,0,0,0,0,0,0,0,0,0,0,0,0,0,0,0,0
Uterus-AdenoCa,TCGA-AX-A0J1-01A-11W-A062-09,0.96,118,221,0,0,0,0,0,0,0,0,0,0,0,0,0,0,0
Uterus-AdenoCa,TCGA-AX-A1C4-01A-11D-A135-09,0.947,0,572,0,0,0,0,0,0,0,0,0,0,0,0,0,0,0
Uterus-AdenoCa,TCGA-AX-A1C5-01A-11D-A135-09,0.985,0,182,0,0,0,0,0,0,0,0,0,0,0,0,0,0,0
Uterus-AdenoCa,TCGA-AX-A1C9-01A-11D-A135-09,0.958,0,96,0,0,0,0,0,0,0,0,0,0,0,0,0,0,0
Uterus-AdenoCa,TCGA-AX-A1CE-01A-11D-A135-09,0.996,424,336,0,0,0,0,0,0,0,0,0,0,0,0,0,0,0
Uterus-AdenoCa,TCGA-AX-A2HA-01A-12D-A18P-09,0.939,0,754,0,0,0,0,0,0,0,0,0,0,0,0,0,0,0
Uterus-AdenoCa,TCGA-AX-A2HC-01A-11D-A17D-09,0.986,142,160,0,0,0,0,0,0,0,0,0,0,0,0,0,0,0
Uterus-AdenoCa,TCGA-AX-A2HD-01A-21D-A17D-09,0.973,296,538,0,0,0,0,0,0,0,0,0,0,0,0,0,0,0
Uterus-AdenoCa,TCGA-AX-A2HG-01A-11D-A17D-09,0.979,0,273,0,0,0,0,214,0,0,0,0,0,0,0,0,0,0
Uterus-AdenoCa,TCGA-AX-A2HJ-01A-11D-A17D-09,0.959,0,701,0,0,0,0,0,0,0,0,0,0,0,0,0,0,0
Uterus-AdenoCa,TCGA-AX-A2IN-01A-12D-A17W-09,0.975,0,135,0,0,0,0,122,0,0,0,0,0,0,0,0,0,0
Uterus-AdenoCa,TCGA-AX-A3FS-01A-11D-A228-09,0.942,0,519,0,0,0,0,0,0,0,0,0,0,0,0,0,0,0
Uterus-AdenoCa,TCGA-AX-A3FT-01A-11D-A228-09,0.953,0,216,0,0,0,0,264,0,0,0,0,0,0,0,0,0,0
Uterus-AdenoCa,TCGA-AX-A3G8-01A-11D-A228-09,0.934,0,187,0,0,0,0,242,0,0,0,0,0,0,0,0,0,0
Uterus-AdenoCa,TCGA-AX-A3G9-01A-11D-A228-09,0.97,0,239,0,0,0,0,204,0,0,0,0,0,0,0,0,0,0
Uterus-AdenoCa,TCGA-B5-A0JR-01A-13W-A062-09,0.958,49,103,0,0,0,0,0,0,0,0,0,0,0,0,0,0,0
Uterus-AdenoCa,TCGA-B5-A0JU-01B-11D-A14G-09,0.934,0,293,0,0,0,0,0,0,0,0,0,0,0,0,0,0,0
Uterus-AdenoCa,TCGA-B5-A0JV-01A-11D-A10B-09,0.94,8,15,0,0,0,0,42,0,0,0,0,0,0,0,0,0,0
Uterus-AdenoCa,TCGA-B5-A0JY-01A-11D-A10B-09,0.966,53,0,0,0,0,0,0,0,0,0,0,0,0,0,0,0,0
Uterus-AdenoCa,TCGA-B5-A0JZ-01A-11W-A062-09,0.964,0,69,0,0,0,0,105,0,0,0,0,0,0,0,0,0,0
Uterus-AdenoCa,TCGA-B5-A0K2-01A-12W-A10C-09,0.985,13,36,0,0,0,0,33,0,0,0,0,0,0,0,0,0,0
Uterus-AdenoCa,TCGA-B5-A0K6-01A-11W-A062-09,0.906,0,17,0,0,0,0,38,0,0,0,0,0,0,0,0,0,0
Uterus-AdenoCa,TCGA-B5-A0K9-01A-21D-A10O-09,0.937,0,86,0,0,0,0,149,0,0,0,0,0,0,0,0,0,0
Uterus-AdenoCa,TCGA-B5-A11E-01A-11D-A10M-09,0.935,64,0,0,0,0,0,0,0,0,0,0,0,0,0,0,0,0
Uterus-AdenoCa,TCGA-B5-A11H-01A-11D-A122-09,0.95,0,140,0,0,0,0,257,0,0,0,0,0,0,0,0,0,0
Uterus-AdenoCa,TCGA-B5-A11J-01A-11D-A122-09,0.935,0,47,0,0,0,0,84,0,0,0,0,0,0,0,0,0,0
Uterus-AdenoCa,TCGA-B5-A11U-01A-11D-A122-09,0.954,0,53,0,0,0,0,81,0,0,0,0,0,0,0,0,0,0
Uterus-AdenoCa,TCGA-B5-A1MW-01A-11D-A17D-09,0.957,167,144,0,0,0,0,0,0,0,0,0,0,0,0,0,0,0
Uterus-AdenoCa,TCGA-B5-A1MX-01A-11D-A142-09,0.917,239,196,0,0,0,0,488,0,0,0,0,0,0,0,0,0,0
Uterus-AdenoCa,TCGA-B5-A3FA-01A-11D-A19Y-09,0.948,362,0,0,0,0,0,0,0,0,0,0,0,0,0,0,0,0
Uterus-AdenoCa,TCGA-B5-A3FC-01A-11D-A228-09,0.969,1131,0,0,0,0,0,0,0,0,0,0,0,0,0,0,0,0
Uterus-AdenoCa,TCGA-B5-A5OC-01A-21D-A27P-09,0.965,0,229,0,0,0,0,227,0,0,0,0,0,0,0,0,0,0
Uterus-AdenoCa,TCGA-BG-A0LX-01A-11W-A062-09,0.977,0,63,0,0,0,0,71,0,0,0,0,0,0,0,0,0,0
Uterus-AdenoCa,TCGA-BG-A0M0-01A-11W-A10C-09,0.931,0,14,0,0,0,0,25,0,0,0,0,0,0,0,0,0,0
Uterus-AdenoCa,TCGA-BG-A0M4-01A-11W-A10C-09,0.926,0,114,0,0,0,0,0,0,0,0,0,0,0,0,0,0,0
Uterus-AdenoCa,TCGA-BG-A0MQ-01A-11D-A10B-09,0.932,0,57,0,0,0,0,146,0,0,0,0,0,0,0,0,0,0
Uterus-AdenoCa,TCGA-BG-A0VW-01A-11D-A122-09,0.941,0,31,0,0,0,0,56,0,0,0,0,0,0,0,0,0,0
Uterus-AdenoCa,TCGA-BG-A0VZ-01A-11D-A10G-09,0.936,0,45,0,0,0,0,64,0,0,0,0,0,0,0,0,0,0
Uterus-AdenoCa,TCGA-BG-A18B-01A-11D-A12J-09,0.974,17,44,0,0,0,0,70,0,0,0,0,0,0,0,0,0,0
Uterus-AdenoCa,TCGA-BG-A222-01A-11D-A159-09,0.932,0,361,0,0,0,0,508,0,0,0,0,0,0,0,0,0,0
Uterus-AdenoCa,TCGA-BG-A2L7-01A-11D-A18P-09,0.929,0,484,0,0,0,0,0,0,0,0,0,0,0,0,0,0,0
Uterus-AdenoCa,TCGA-BG-A3EW-01A-11D-A228-09,0.962,0,292,0,0,0,0,0,0,0,0,0,0,0,0,0,0,0
Uterus-AdenoCa,TCGA-BK-A0C9-01A-11W-A027-09,0.926,24,38,0,0,0,0,0,0,0,0,0,0,0,0,0,0,0
Uterus-AdenoCa,TCGA-BK-A13B-01A-51D-A228-09,0.936,0,350,0,0,0,0,0,0,0,0,0,0,0,0,0,0,0
Uterus-AdenoCa,TCGA-BK-A6W3-01A-12D-A34Q-09,0.91,33,0,0,0,0,0,0,0,0,0,0,0,0,0,0,0,0
Uterus-AdenoCa,TCGA-BS-A0TA-01A-11D-A10B-09,0.95,0,35,0,0,0,0,69,0,0,0,0,0,0,0,0,0,0
Uterus-AdenoCa,TCGA-BS-A0TJ-01A-11D-A10B-09,0.943,0,92,0,0,0,0,135,0,0,0,0,0,0,0,0,0,0
Uterus-AdenoCa,TCGA-BS-A0U7-01A-21D-A10B-09,0.898,5,11,0,0,0,0,19,0,0,0,0,0,0,0,0,0,0
Uterus-AdenoCa,TCGA-BS-A0U8-01A-11D-A10B-09,0.944,0,74,0,0,0,0,85,0,0,0,0,0,0,0,0,0,0
Uterus-AdenoCa,TCGA-BS-A0UA-01A-11D-A122-09,0.908,0,29,0,0,0,0,68,0,0,0,0,0,0,0,0,0,0
Uterus-AdenoCa,TCGA-BS-A0UF-01A-11D-A10B-09,0.841,15,9,0,0,43,0,0,0,0,0,0,0,0,0,0,0,0
Uterus-AdenoCa,TCGA-BS-A0UJ-01A-12D-A10B-09,0.964,126,0,0,0,0,0,0,0,0,0,0,0,0,0,0,0,0
Uterus-AdenoCa,TCGA-BS-A0UL-01A-11D-A10G-09,0.936,0,32,0,0,0,0,43,0,0,0,0,0,0,0,0,0,0
Uterus-AdenoCa,TCGA-BS-A0UM-01A-11W-A10C-09,0.954,0,49,0,0,0,0,59,0,0,0,0,0,0,0,0,0,0
Uterus-AdenoCa,TCGA-BS-A0UV-01A-11D-A10B-09,0.896,42,0,0,0,0,0,0,0,0,0,0,0,0,0,0,0,0
Uterus-AdenoCa,TCGA-BS-A0V4-01A-11D-A14G-09,0.942,0,198,0,0,0,0,0,0,0,0,0,0,0,0,0,0,0
Uterus-AdenoCa,TCGA-BS-A0VI-01A-11D-A14G-09,0.928,0,154,0,0,0,0,0,0,0,0,0,0,0,0,0,0,0
Uterus-AdenoCa,TCGA-D1-A0ZO-01A-11D-A122-09,0.942,0,63,0,0,0,0,132,0,0,0,0,0,0,0,0,0,0
Uterus-AdenoCa,TCGA-D1-A0ZS-01A-11D-A122-09,0.953,0,60,0,0,0,0,78,0,0,0,0,0,0,0,0,0,0
Uterus-AdenoCa,TCGA-D1-A101-01A-12D-A10M-09,0.894,0,24,0,0,0,0,62,0,0,0,0,0,0,0,0,0,0
Uterus-AdenoCa,TCGA-D1-A103-01A-11D-A10M-09,0.865,62,49,0,0,0,0,0,0,0,0,0,0,0,0,0,0,0
Uterus-AdenoCa,TCGA-D1-A15X-01A-11D-A122-09,0.946,12,22,0,0,0,0,0,0,0,0,0,0,0,0,0,0,0
Uterus-AdenoCa,TCGA-D1-A160-01A-11D-A122-09,0.935,0,53,0,0,0,0,84,0,0,0,0,0,0,0,0,0,0
Uterus-AdenoCa,TCGA-D1-A163-01A-11D-A12J-09,0.938,0,70,0,0,0,0,148,0,0,0,0,0,0,0,0,0,0
Uterus-AdenoCa,TCGA-D1-A167-01A-11D-A12J-09,0.905,0,97,0,0,0,0,0,0,0,0,0,0,0,0,0,0,0
Uterus-AdenoCa,TCGA-D1-A16F-01A-11D-A12J-09,0.925,0,44,0,0,0,0,89,0,0,0,0,0,0,0,0,0,0
Uterus-AdenoCa,TCGA-D1-A174-01A-11D-A12J-09,0.94,0,89,0,0,0,0,160,0,0,0,0,0,0,0,0,0,0
Uterus-AdenoCa,TCGA-D1-A176-01A-11D-A12J-09,0.905,0,41,0,0,0,0,76,0,0,0,0,0,0,0,0,0,0
Uterus-AdenoCa,TCGA-D1-A177-01A-21D-A12J-09,0.927,0,101,0,0,0,0,204,0,0,0,0,0,0,0,0,0,0
Uterus-AdenoCa,TCGA-D1-A17A-01A-11D-A12J-09,0.975,0,36,0,0,0,0,36,0,0,0,0,0,0,0,0,0,0
Uterus-AdenoCa,TCGA-D1-A17B-01A-22D-A12J-09,0.771,0,12,0,0,0,0,47,0,0,0,0,0,0,0,0,0,0
Uterus-AdenoCa,TCGA-D1-A17D-01A-12D-A12J-09,0.914,0,36,0,0,0,0,84,0,0,0,0,0,0,0,0,0,0
Uterus-AdenoCa,TCGA-D1-A17H-01A-11D-A12J-09,0.958,0,93,0,0,0,0,121,0,0,0,0,0,0,0,0,0,0
Uterus-AdenoCa,TCGA-D1-A17M-01A-21D-A12J-09,0.934,0,26,0,0,0,0,78,0,0,0,0,0,0,0,0,0,0
Uterus-AdenoCa,TCGA-D1-A17R-01A-11D-A12J-09,0.896,0,15,0,0,0,0,25,0,0,0,0,0,0,0,0,0,0
Uterus-AdenoCa,TCGA-D1-A17U-01A-21D-A12J-09,0.972,0,54,0,0,0,0,77,0,0,0,0,0,0,0,0,0,0
Uterus-AdenoCa,TCGA-D1-A1NS-01A-11D-A14G-09,0.989,25,62,0,0,0,0,51,0,0,0,0,0,0,0,0,0,0
Uterus-AdenoCa,TCGA-D1-A1NY-01A-11D-A16D-09,0.964,0,171,0,0,0,0,158,0,0,0,0,0,0,0,0,0,0
Uterus-AdenoCa,TCGA-D1-A1NZ-01A-21D-A14G-09,0.929,0,348,0,0,0,0,0,0,0,0,0,0,0,0,0,0,0
Uterus-AdenoCa,TCGA-D1-A1O7-01A-11D-A14G-09,0.911,0,117,0,0,0,0,0,0,0,0,0,0,0,0,0,0,0
Uterus-AdenoCa,TCGA-D1-A2G0-01A-11D-A17D-09,0.96,0,232,0,0,0,0,214,0,0,0,0,0,0,0,0,0,0
Uterus-AdenoCa,TCGA-D1-A2G5-01A-11D-A17D-09,0.948,0,36,0,0,0,0,36,0,0,0,0,0,0,0,0,0,0
Uterus-AdenoCa,TCGA-DF-A2KN-01A-11D-A17W-09,0.932,295,260,0,0,0,0,555,0,0,0,0,0,0,0,0,0,0
Uterus-AdenoCa,TCGA-DF-A2KU-01A-11D-A17W-09,0.985,89,46,0,0,0,0,0,0,0,0,0,0,0,0,0,0,0
Uterus-AdenoCa,TCGA-DF-A2KZ-01A-11D-A20S-09,0.938,0,312,0,0,0,0,0,0,0,0,0,0,0,0,0,0,0
Uterus-AdenoCa,TCGA-DI-A0WH-01A-12D-A12J-09,0.952,0,51,0,0,0,0,86,0,0,0,0,0,0,0,0,0,0
Uterus-AdenoCa,TCGA-DI-A1BU-01A-11D-A135-09,0.953,0,508,0,0,0,0,806.07,0,0,0,0,0,0,0,0,0,0
Uterus-AdenoCa,TCGA-DI-A1NO-01A-31D-A159-09,0.82,0,4,14,0,0,15,0,0,0,0,0,0,0,0,0,0,0
Uterus-AdenoCa,TCGA-E6-A1LX-01A-11D-A14G-09,0.954,77,57,0,0,0,0,0,0,0,0,0,0,0,0,0,0,0
Uterus-AdenoCa,TCGA-E6-A2P8-01A-11D-A19Y-09,0.963,0,167,0,0,0,0,160,0,0,0,0,0,0,0,0,0,0
Uterus-AdenoCa,TCGA-E6-A2P9-01A-11D-A19Y-09,0.944,0,512,0,0,0,0,0,0,0,0,0,0,0,0,0,0,0
Uterus-AdenoCa,TCGA-EC-A1NJ-01A-31D-A14G-09,0.904,95,0,0,0,0,0,0,0,0,0,0,0,0,0,0,0,0
Uterus-AdenoCa,TCGA-EC-A1QX-01A-31D-A16D-09,0.983,0,155,0,0,0,0,117,0,0,0,0,0,0,0,0,0,0
Uterus-AdenoCa,TCGA-EC-A24G-01A-11D-A16D-09,0.944,0,107,0,0,0,0,0,0,0,0,0,0,0,0,0,0,0
Uterus-AdenoCa,TCGA-EO-A22R-01A-11D-A18P-09,0.988,116,75,0,0,0,0,0,0,0,0,0,0,0,0,0,0,0
Uterus-AdenoCa,TCGA-EO-A22S-01A-11D-A18P-09,0.931,0,466,0,0,0,0,0,0,0,0,0,0,0,0,0,0,0
Uterus-AdenoCa,TCGA-EO-A22T-01A-21D-A18P-09,0.967,0,183,0,0,0,0,197,0,0,0,0,0,0,0,0,0,0
Uterus-AdenoCa,TCGA-EO-A22U-01A-11D-A17W-09,0.99,474,0,0,0,0,0,0,0,0,0,0,0,0,0,0,0,0
Uterus-AdenoCa,TCGA-EO-A22X-01A-11D-A17W-09,0.914,66,0,0,0,0,0,0,0,0,0,0,0,0,0,0,0,0
Uterus-AdenoCa,TCGA-EO-A3AU-01A-21D-A19Y-09,0.956,0,188,0,0,0,0,190,0,0,0,0,0,0,0,0,0,0
Uterus-AdenoCa,TCGA-EO-A3AY-01A-12D-A19Y-09,0.976,33,0,0,0,0,0,0,0,0,0,0,0,0,0,0,0,0
Uterus-AdenoCa,TCGA-EO-A3AZ-01A-12D-A19Y-09,0.966,0,389,0,0,0,0,0,0,0,0,0,0,0,0,0,0,0
Uterus-AdenoCa,TCGA-EO-A3B0-01A-12D-A19Y-09,0.913,80,0,0,0,0,0,0,0,0,0,0,0,0,0,0,0,0
Uterus-AdenoCa,TCGA-EO-A3KX-01A-11D-A228-09,0.973,283,478,0,0,0,0,540,0,0,0,0,0,0,0,0,0,0
Uterus-AdenoCa,TCGA-EY-A1GF-01A-11D-A13L-09,0.953,0,193,0,0,0,0,0,0,0,0,0,0,0,0,0,0,0
Uterus-AdenoCa,TCGA-EY-A1GI-01A-11D-A13L-09,0.923,36,0,0,0,0,0,0,0,0,0,0,0,0,0,0,0,0
Uterus-AdenoCa,TCGA-EY-A1GK-01A-11D-A13L-09,0.984,0,265,0,0,0,0,228,0,0,0,0,0,0,0,0,0,0
Uterus-AdenoCa,TCGA-EY-A1GO-01A-11D-A14G-09,0.962,0,54,0,0,0,0,50,0,0,0,0,0,0,0,0,0,0
Uterus-AdenoCa,TCGA-EY-A1GQ-01A-21D-A13L-09,0.958,0,252,0,0,0,0,0,0,0,0,0,0,0,0,0,0,0
Uterus-AdenoCa,TCGA-EY-A1GU-01A-11D-A13L-09,0.967,0,385,0,0,0,0,0,0,0,0,0,0,0,0,0,0,0
Uterus-AdenoCa,TCGA-EY-A1H0-01A-11D-A13L-09,0.968,0,258,0,0,0,0,0,0,0,0,0,0,0,0,0,0,0
Uterus-AdenoCa,TCGA-EY-A215-01A-11D-A14K-09,0.929,0,545,0,0,0,0,0,0,0,0,0,0,0,0,0,0,0
Uterus-AdenoCa,TCGA-EY-A2OM-01A-11D-A18P-09,0.946,0,442,0,0,0,0,0,0,0,0,0,0,0,0,0,0,0
Uterus-AdenoCa,TCGA-EY-A2OP-01A-11D-A19Y-09,0.925,0,255,0,0,0,0,0,0,0,0,0,0,0,0,0,0,0
Uterus-AdenoCa,TCGA-EY-A547-01A-11D-A27P-09,0.946,0,35,0,0,0,0,30,0,0,0,0,0,0,0,0,0,0
Uterus-AdenoCa,TCGA-EY-A548-01A-11D-A27P-09,0.96,0,174,0,0,0,0,174,0,0,0,0,0,0,0,0,0,0
Uterus-AdenoCa,TCGA-EY-A549-01A-11D-A27P-09,0.932,0,349,0,0,0,0,0,0,0,0,0,0,0,0,0,0,0
Uterus-AdenoCa,TCGA-EY-A5W2-01A-11D-A31U-09,0.961,0,195,0,0,0,0,206,0,0,0,0,0,0,0,0,0,0
Uterus-AdenoCa,TCGA-FI-A2D0-01A-11D-A17D-09,0.978,221,221,0,0,0,0,0,0,0,0,0,0,0,0,0,0,0
Uterus-AdenoCa,TCGA-FI-A2D4-01A-12D-A17D-09,0.941,0,235,0,0,0,0,0,0,0,0,0,0,0,0,0,0,0
Uterus-AdenoCa,TCGA-FI-A2D5-01A-11D-A17D-09,0.985,77,59,0,0,0,0,0,0,0,0,0,0,0,0,0,0,0
Uterus-AdenoCa,TCGA-FI-A2D6-01A-11D-A17D-09,0.967,0,205,0,0,0,0,196,0,0,0,0,0,0,0,0,0,0
Uterus-AdenoCa,TCGA-FI-A2F4-01A-11D-A17D-09,0.924,240,303,0,0,0,0,0,0,0,0,0,0,0,0,0,0,0
Uterus-AdenoCa,TCGA-PG-A6IB-01A-21D-A31U-09,0.944,0,95,0,0,0,0,92,0,0,0,0,0,0,0,0,0,0
Uterus-AdenoCa,TCGA-PG-A917-01A-31D-A37N-09,0.956,0,134,0,0,0,0,164,0,0,0,0,0,0,0,0,0,0
Uterus-AdenoCa,TCGA-QS-A5YR-01A-31D-A31U-09,0.941,0,47,0,0,0,0,63,0,0,0,0,0,0,0,0,0,0
Uterus-AdenoCa,TCGA-SJ-A6ZI-01A-12D-A34Q-09,0.976,50,73,0,0,0,0,0,0,0,0,0,0,0,0,0,0,0
Uterus-AdenoCa,TCGA-SL-A6JA-01A-11D-A31U-09,0.964,0,158,0,0,0,0,199,0,0,0,0,0,0,0,0,0,0
